Hora,Nome,ccu
18/04/2021 19:18,Counter-Strike: Global Offensive,609408
18/04/2021 19:18,Dota 2,360478
18/04/2021 19:18,Source SDK Base 2013 Multiplayer,138659
18/04/2021 19:18,Path of Exile,117820
18/04/2021 19:18,Team Fortress 2,98829
18/04/2021 19:18,Apex Legends,94598
18/04/2021 19:18,Rust,84703
18/04/2021 19:18,Valheim,82205
18/04/2021 19:48,Counter-Strike: Global Offensive,546737
18/04/2021 19:48,Dota 2,333028
18/04/2021 19:48,Source SDK Base 2013 Multiplayer,128974
18/04/2021 19:48,Path of Exile,108103
18/04/2021 19:48,Team Fortress 2,97384
18/04/2021 19:48,Apex Legends,89069
18/04/2021 19:48,Rust,80030
18/04/2021 19:48,Valheim,75398
18/04/2021 20:18,Counter-Strike: Global Offensive,504860
18/04/2021 20:18,Dota 2,314572
18/04/2021 20:18,Source SDK Base 2013 Multiplayer,120136
18/04/2021 20:18,Path of Exile,101465
18/04/2021 20:18,Team Fortress 2,97286
18/04/2021 20:18,Apex Legends,85935
18/04/2021 20:18,Rust,77369
18/04/2021 20:18,Valheim,71625
18/04/2021 20:48,Counter-Strike: Global Offensive,468732
18/04/2021 20:48,Dota 2,296224
18/04/2021 20:48,Source SDK Base 2013 Multiplayer,114149
18/04/2021 20:48,Team Fortress 2,97199
18/04/2021 20:48,Path of Exile,95511
18/04/2021 20:48,Apex Legends,84232
18/04/2021 20:48,Rust,75290
18/04/2021 20:48,Valheim,68754
18/04/2021 21:18,Counter-Strike: Global Offensive,436961
18/04/2021 21:18,Dota 2,280780
18/04/2021 21:18,Source SDK Base 2013 Multiplayer,106770
18/04/2021 21:18,Team Fortress 2,96004
18/04/2021 21:18,Path of Exile,89606
18/04/2021 21:18,Apex Legends,83082
18/04/2021 21:18,Rust,73025
18/04/2021 21:18,Valheim,66907
18/04/2021 21:48,Counter-Strike: Global Offensive,421361
18/04/2021 21:48,Dota 2,275026
18/04/2021 21:48,Source SDK Base 2013 Multiplayer,102801
18/04/2021 21:48,Team Fortress 2,96057
18/04/2021 21:48,Path of Exile,86255
18/04/2021 21:48,Apex Legends,84392
18/04/2021 21:48,Rust,71626
18/04/2021 21:48,Valheim,66923
18/04/2021 22:18,Counter-Strike: Global Offensive,414176
18/04/2021 22:18,Dota 2,272096
18/04/2021 22:18,Source SDK Base 2013 Multiplayer,97752
18/04/2021 22:18,Team Fortress 2,96630
18/04/2021 22:18,Apex Legends,85571
18/04/2021 22:18,Path of Exile,82594
18/04/2021 22:18,Rust,69519
18/04/2021 22:18,Valheim,66376
18/04/2021 22:48,Counter-Strike: Global Offensive,414353
18/04/2021 22:48,Dota 2,275383
18/04/2021 22:48,Team Fortress 2,98318
18/04/2021 22:48,Source SDK Base 2013 Multiplayer,93560
18/04/2021 22:48,Apex Legends,87862
18/04/2021 22:48,Path of Exile,79617
18/04/2021 22:48,PLAYERUNKNOWN'S BATTLEGROUNDS,69906
18/04/2021 22:48,Rust,67581
18/04/2021 23:18,Counter-Strike: Global Offensive,413836
18/04/2021 23:18,Dota 2,280337
18/04/2021 23:18,Team Fortress 2,98087
18/04/2021 23:18,Apex Legends,89339
18/04/2021 23:18,Source SDK Base 2013 Multiplayer,87674
18/04/2021 23:18,PLAYERUNKNOWN'S BATTLEGROUNDS,79293
18/04/2021 23:18,Path of Exile,75922
18/04/2021 23:18,Rust,64374
18/04/2021 23:48,Counter-Strike: Global Offensive,415513
18/04/2021 23:48,Dota 2,286289
18/04/2021 23:48,Team Fortress 2,97407
18/04/2021 23:48,Apex Legends,91396
18/04/2021 23:48,PLAYERUNKNOWN'S BATTLEGROUNDS,88571
18/04/2021 23:48,Source SDK Base 2013 Multiplayer,82703
18/04/2021 23:48,Path of Exile,73460
18/04/2021 23:48,Valheim,62846
19/04/2021 00:19,Counter-Strike: Global Offensive,406034
19/04/2021 00:19,Dota 2,287611
19/04/2021 00:19,PLAYERUNKNOWN'S BATTLEGROUNDS,95639
19/04/2021 00:19,Team Fortress 2,95115
19/04/2021 00:19,Apex Legends,91288
19/04/2021 00:19,Source SDK Base 2013 Multiplayer,76712
19/04/2021 00:19,Path of Exile,70034
19/04/2021 00:19,Valheim,59551
19/04/2021 00:49,Counter-Strike: Global Offensive,395291
19/04/2021 00:49,Dota 2,286335
19/04/2021 00:49,PLAYERUNKNOWN'S BATTLEGROUNDS,101110
19/04/2021 00:49,Team Fortress 2,90940
19/04/2021 00:49,Apex Legends,90719
19/04/2021 00:49,Source SDK Base 2013 Multiplayer,70424
19/04/2021 00:49,Path of Exile,66638
19/04/2021 00:49,Grand Theft Auto V,57420
19/04/2021 01:19,Counter-Strike: Global Offensive,398809
19/04/2021 01:19,Dota 2,286096
19/04/2021 01:19,PLAYERUNKNOWN'S BATTLEGROUNDS,110145
19/04/2021 01:19,Apex Legends,90707
19/04/2021 01:19,Team Fortress 2,89894
19/04/2021 01:19,Source SDK Base 2013 Multiplayer,65492
19/04/2021 01:19,Path of Exile,63687
19/04/2021 01:19,Grand Theft Auto V,59972
19/04/2021 01:49,Counter-Strike: Global Offensive,418465
19/04/2021 01:49,Dota 2,288112
19/04/2021 01:49,PLAYERUNKNOWN'S BATTLEGROUNDS,124703
19/04/2021 01:49,Apex Legends,92348
19/04/2021 01:49,Team Fortress 2,88470
19/04/2021 01:49,Grand Theft Auto V,63754
19/04/2021 01:49,Source SDK Base 2013 Multiplayer,61923
19/04/2021 01:49,Path of Exile,60302
19/04/2021 02:19,Counter-Strike: Global Offensive,417580
19/04/2021 02:19,Dota 2,288328
19/04/2021 02:19,PLAYERUNKNOWN'S BATTLEGROUNDS,138056
19/04/2021 02:19,Apex Legends,90667
19/04/2021 02:19,Team Fortress 2,89030
19/04/2021 02:19,Grand Theft Auto V,63945
19/04/2021 02:19,Source SDK Base 2013 Multiplayer,57817
19/04/2021 02:19,Path of Exile,57750
19/04/2021 02:49,Counter-Strike: Global Offensive,419658
19/04/2021 02:49,Dota 2,288732
19/04/2021 02:49,PLAYERUNKNOWN'S BATTLEGROUNDS,150833
19/04/2021 02:49,Team Fortress 2,89579
19/04/2021 02:49,Apex Legends,87994
19/04/2021 02:49,Grand Theft Auto V,62758
19/04/2021 02:49,Source SDK Base 2013 Multiplayer,56549
19/04/2021 02:49,Path of Exile,56012
19/04/2021 12:11,Counter-Strike: Global Offensive,966644
19/04/2021 12:11,Dota 2,589099
19/04/2021 12:11,PLAYERUNKNOWN'S BATTLEGROUNDS,329873
19/04/2021 12:11,Apex Legends,177612
19/04/2021 12:11,Source SDK Base 2013 Multiplayer,133236
19/04/2021 12:11,Grand Theft Auto V,122290
19/04/2021 12:11,Path of Exile,108175
19/04/2021 12:11,Team Fortress 2,93891
19/04/2021 12:41,Counter-Strike: Global Offensive,928014
19/04/2021 12:41,Dota 2,580580
19/04/2021 12:41,PLAYERUNKNOWN'S BATTLEGROUNDS,284247
19/04/2021 12:41,Apex Legends,161304
19/04/2021 12:41,Source SDK Base 2013 Multiplayer,138780
19/04/2021 12:41,Path of Exile,113317
19/04/2021 12:41,Grand Theft Auto V,113230
19/04/2021 12:41,Team Fortress 2,90767
19/04/2021 13:11,Counter-Strike: Global Offensive,905850
19/04/2021 13:11,Dota 2,561881
19/04/2021 13:11,PLAYERUNKNOWN'S BATTLEGROUNDS,238533
19/04/2021 13:11,Apex Legends,149592
19/04/2021 13:11,Source SDK Base 2013 Multiplayer,141034
19/04/2021 13:11,Path of Exile,117676
19/04/2021 13:11,Grand Theft Auto V,106477
19/04/2021 13:11,Team Fortress 2,91254
19/04/2021 13:41,Counter-Strike: Global Offensive,889408
19/04/2021 13:41,Dota 2,545706
19/04/2021 13:41,PLAYERUNKNOWN'S BATTLEGROUNDS,198331
19/04/2021 13:41,Source SDK Base 2013 Multiplayer,149360
19/04/2021 13:41,Apex Legends,138562
19/04/2021 13:41,Path of Exile,121960
19/04/2021 13:41,Grand Theft Auto V,100348
19/04/2021 13:41,Team Fortress 2,93072
19/04/2021 14:11,Counter-Strike: Global Offensive,893230
19/04/2021 14:11,Dota 2,530403
19/04/2021 14:11,PLAYERUNKNOWN'S BATTLEGROUNDS,168960
19/04/2021 14:11,Source SDK Base 2013 Multiplayer,154915
19/04/2021 14:11,Apex Legends,131833
19/04/2021 14:11,Path of Exile,125677
19/04/2021 14:11,Grand Theft Auto V,96213
19/04/2021 14:11,Team Fortress 2,94172
19/04/2021 14:41,Counter-Strike: Global Offensive,928453
19/04/2021 14:41,Dota 2,521058
19/04/2021 14:41,Source SDK Base 2013 Multiplayer,163725
19/04/2021 14:41,PLAYERUNKNOWN'S BATTLEGROUNDS,151938
19/04/2021 14:41,Path of Exile,128874
19/04/2021 14:41,Apex Legends,124867
19/04/2021 14:41,Team Fortress 2,95311
19/04/2021 14:41,Rust,95234
19/04/2021 15:11,Counter-Strike: Global Offensive,954709
19/04/2021 15:11,Dota 2,509568
19/04/2021 15:11,Source SDK Base 2013 Multiplayer,168200
19/04/2021 15:11,PLAYERUNKNOWN'S BATTLEGROUNDS,137665
19/04/2021 15:11,Path of Exile,130589
19/04/2021 15:11,Apex Legends,120296
19/04/2021 15:11,Team Fortress 2,98174
19/04/2021 15:11,Rust,96986
19/04/2021 15:41,Counter-Strike: Global Offensive,973333
19/04/2021 15:41,Dota 2,501328
19/04/2021 15:41,Source SDK Base 2013 Multiplayer,173569
19/04/2021 15:41,Path of Exile,132514
19/04/2021 15:41,PLAYERUNKNOWN'S BATTLEGROUNDS,129966
19/04/2021 15:41,Apex Legends,119277
19/04/2021 15:41,Team Fortress 2,99881
19/04/2021 15:41,Rust,97926
19/04/2021 16:11,Counter-Strike: Global Offensive,972711
19/04/2021 16:11,Dota 2,474757
19/04/2021 16:11,Source SDK Base 2013 Multiplayer,175838
19/04/2021 16:11,Path of Exile,132715
19/04/2021 16:11,PLAYERUNKNOWN'S BATTLEGROUNDS,121660
19/04/2021 16:11,Apex Legends,117444
19/04/2021 16:11,Team Fortress 2,99860
19/04/2021 16:11,Rust,98306
19/04/2021 16:41,Counter-Strike: Global Offensive,955153
19/04/2021 16:41,Dota 2,456379
19/04/2021 16:41,Source SDK Base 2013 Multiplayer,177736
19/04/2021 16:41,Path of Exile,131660
19/04/2021 16:41,Apex Legends,114830
19/04/2021 16:41,PLAYERUNKNOWN'S BATTLEGROUNDS,114777
19/04/2021 16:41,Team Fortress 2,98813
19/04/2021 16:41,Rust,97740
19/04/2021 17:11,Counter-Strike: Global Offensive,908827
19/04/2021 17:11,Dota 2,445359
19/04/2021 17:11,Source SDK Base 2013 Multiplayer,175847
19/04/2021 17:11,Path of Exile,129882
19/04/2021 17:11,Apex Legends,111333
19/04/2021 17:11,PLAYERUNKNOWN'S BATTLEGROUNDS,106014
19/04/2021 17:11,Team Fortress 2,98352
19/04/2021 17:11,Rust,96446
19/04/2021 17:41,Counter-Strike: Global Offensive,838251
19/04/2021 17:41,Dota 2,426563
19/04/2021 17:41,Source SDK Base 2013 Multiplayer,169020
19/04/2021 17:41,Path of Exile,125693
19/04/2021 17:41,Apex Legends,106140
19/04/2021 17:41,Team Fortress 2,97781
19/04/2021 17:41,PLAYERUNKNOWN'S BATTLEGROUNDS,95526
19/04/2021 17:41,Rust,93413
19/04/2021 18:11,Counter-Strike: Global Offensive,759409
19/04/2021 18:11,Dota 2,397951
19/04/2021 18:11,Source SDK Base 2013 Multiplayer,160171
19/04/2021 18:11,Path of Exile,120490
19/04/2021 18:11,Apex Legends,100191
19/04/2021 18:11,Team Fortress 2,97160
19/04/2021 18:11,Rust,89810
19/04/2021 18:11,Rocket League,89581
19/04/2021 18:41,Counter-Strike: Global Offensive,679383
19/04/2021 18:41,Dota 2,368149
19/04/2021 18:41,Source SDK Base 2013 Multiplayer,150692
19/04/2021 18:41,Path of Exile,113690
19/04/2021 18:41,Team Fortress 2,97416
19/04/2021 18:41,Apex Legends,94139
19/04/2021 18:41,Rust,85995
19/04/2021 18:41,Rocket League,84093
19/04/2021 19:11,Counter-Strike: Global Offensive,605132
19/04/2021 19:11,Dota 2,335929
19/04/2021 19:11,Source SDK Base 2013 Multiplayer,136587
19/04/2021 19:11,Path of Exile,105195
19/04/2021 19:11,Team Fortress 2,97718
19/04/2021 19:11,Rust,82141
19/04/2021 19:11,Apex Legends,81606
19/04/2021 19:11,Rocket League,73981
19/04/2021 19:41,Counter-Strike: Global Offensive,547080
19/04/2021 19:41,Dota 2,312548
19/04/2021 19:41,Source SDK Base 2013 Multiplayer,128469
19/04/2021 19:41,Path of Exile,98313
19/04/2021 19:41,Team Fortress 2,98294
19/04/2021 19:41,Apex Legends,81735
19/04/2021 19:41,Rust,79191
19/04/2021 19:41,Rocket League,65195
19/04/2021 21:19,Counter-Strike: Global Offensive,442093
19/04/2021 21:19,Dota 2,254665
19/04/2021 21:19,Source SDK Base 2013 Multiplayer,106656
19/04/2021 21:19,Team Fortress 2,96652
19/04/2021 21:19,Apex Legends,85039
19/04/2021 21:19,Path of Exile,83788
19/04/2021 21:19,Rust,73182
19/04/2021 21:19,Valheim,56602
19/04/2021 21:49,Counter-Strike: Global Offensive,422398
19/04/2021 21:49,Dota 2,260947
19/04/2021 21:49,Source SDK Base 2013 Multiplayer,102761
19/04/2021 21:49,Team Fortress 2,99595
19/04/2021 21:49,Apex Legends,87592
19/04/2021 21:49,Path of Exile,81066
19/04/2021 21:49,Rust,71487
19/04/2021 21:49,Valheim,58464
19/04/2021 22:19,Counter-Strike: Global Offensive,421009
19/04/2021 22:19,Dota 2,262698
19/04/2021 22:19,Team Fortress 2,100740
19/04/2021 22:19,Source SDK Base 2013 Multiplayer,97294
19/04/2021 22:19,Apex Legends,89726
19/04/2021 22:19,Path of Exile,77802
19/04/2021 22:19,Rust,69399
19/04/2021 22:19,PLAYERUNKNOWN'S BATTLEGROUNDS,60994
19/04/2021 22:49,Counter-Strike: Global Offensive,421105
19/04/2021 22:49,Dota 2,270038
19/04/2021 22:49,Team Fortress 2,102615
19/04/2021 22:49,Source SDK Base 2013 Multiplayer,93670
19/04/2021 22:49,Apex Legends,92660
19/04/2021 22:49,Path of Exile,75910
19/04/2021 22:49,PLAYERUNKNOWN'S BATTLEGROUNDS,70220
19/04/2021 22:49,Rust,67902
19/04/2021 23:19,Counter-Strike: Global Offensive,422010
19/04/2021 23:19,Dota 2,278247
19/04/2021 23:19,Team Fortress 2,102787
19/04/2021 23:19,Apex Legends,95353
19/04/2021 23:19,Source SDK Base 2013 Multiplayer,88220
19/04/2021 23:19,PLAYERUNKNOWN'S BATTLEGROUNDS,79981
19/04/2021 23:19,Path of Exile,73330
19/04/2021 23:19,Rust,65088
19/04/2021 23:49,Counter-Strike: Global Offensive,422251
19/04/2021 23:49,Dota 2,286878
19/04/2021 23:49,Team Fortress 2,101240
19/04/2021 23:49,Apex Legends,98334
19/04/2021 23:49,PLAYERUNKNOWN'S BATTLEGROUNDS,89573
19/04/2021 23:49,Source SDK Base 2013 Multiplayer,83227
19/04/2021 23:49,Path of Exile,70539
19/04/2021 23:49,Rust,61902
20/04/2021 00:00,Counter-Strike: Global Offensive,421635
20/04/2021 00:00,Dota 2,288992
20/04/2021 00:00,Team Fortress 2,100945
20/04/2021 00:00,Apex Legends,98652
20/04/2021 00:00,PLAYERUNKNOWN'S BATTLEGROUNDS,92342
20/04/2021 00:00,Source SDK Base 2013 Multiplayer,81568
20/04/2021 00:00,Path of Exile,69682
20/04/2021 00:00,Rust,60826
20/04/2021 00:19,Counter-Strike: Global Offensive,415696
20/04/2021 00:19,Dota 2,290727
20/04/2021 00:19,Team Fortress 2,99977
20/04/2021 00:19,Apex Legends,98341
20/04/2021 00:19,PLAYERUNKNOWN'S BATTLEGROUNDS,96304
20/04/2021 00:19,Source SDK Base 2013 Multiplayer,77261
20/04/2021 00:19,Path of Exile,67342
20/04/2021 00:19,Rust,58408
20/04/2021 00:49,Counter-Strike: Global Offensive,407900
20/04/2021 00:49,Dota 2,291518
20/04/2021 00:49,PLAYERUNKNOWN'S BATTLEGROUNDS,102215
20/04/2021 00:49,Team Fortress 2,98902
20/04/2021 00:49,Apex Legends,96648
20/04/2021 00:49,Source SDK Base 2013 Multiplayer,71680
20/04/2021 00:49,Path of Exile,64360
20/04/2021 00:49,Grand Theft Auto V,56745
20/04/2021 01:20,Counter-Strike: Global Offensive,410063
20/04/2021 01:20,Dota 2,290159
20/04/2021 01:20,PLAYERUNKNOWN'S BATTLEGROUNDS,111989
20/04/2021 01:20,Apex Legends,95551
20/04/2021 01:20,Team Fortress 2,94839
20/04/2021 01:20,Source SDK Base 2013 Multiplayer,65448
20/04/2021 01:20,Path of Exile,60935
20/04/2021 01:20,Grand Theft Auto V,59486
20/04/2021 01:50,Counter-Strike: Global Offensive,428132
20/04/2021 01:50,Dota 2,292484
20/04/2021 01:50,PLAYERUNKNOWN'S BATTLEGROUNDS,127002
20/04/2021 01:50,Apex Legends,96994
20/04/2021 01:50,Team Fortress 2,93629
20/04/2021 01:50,Grand Theft Auto V,63813
20/04/2021 01:50,Source SDK Base 2013 Multiplayer,61087
20/04/2021 01:50,Path of Exile,58215
20/04/2021 02:20,Counter-Strike: Global Offensive,431298
20/04/2021 02:20,Dota 2,291654
20/04/2021 02:20,PLAYERUNKNOWN'S BATTLEGROUNDS,139848
20/04/2021 02:20,Apex Legends,95787
20/04/2021 02:20,Team Fortress 2,94213
20/04/2021 02:20,Grand Theft Auto V,64352
20/04/2021 02:20,Source SDK Base 2013 Multiplayer,56836
20/04/2021 02:20,Path of Exile,55730
20/04/2021 02:50,Counter-Strike: Global Offensive,431896
20/04/2021 02:50,Dota 2,293463
20/04/2021 02:50,PLAYERUNKNOWN'S BATTLEGROUNDS,152911
20/04/2021 02:50,Team Fortress 2,95791
20/04/2021 02:50,Apex Legends,93174
20/04/2021 02:50,Grand Theft Auto V,63348
20/04/2021 02:50,Source SDK Base 2013 Multiplayer,55433
20/04/2021 02:50,Path of Exile,54229
20/04/2021 03:20,Counter-Strike: Global Offensive,418434
20/04/2021 03:20,Dota 2,269390
20/04/2021 03:20,PLAYERUNKNOWN'S BATTLEGROUNDS,164137
20/04/2021 03:20,Apex Legends,90526
20/04/2021 03:20,Grand Theft Auto V,62410
20/04/2021 03:20,Team Fortress 2,57444
20/04/2021 03:20,Path of Exile,53612
20/04/2021 03:20,Rust,43231
20/04/2021 08:24,Counter-Strike: Global Offensive,761092
20/04/2021 08:24,Dota 2,400837
20/04/2021 08:24,PLAYERUNKNOWN'S BATTLEGROUNDS,234100
20/04/2021 08:24,Apex Legends,126071
20/04/2021 08:24,Grand Theft Auto V,97083
20/04/2021 08:24,Team Fortress 2,85333
20/04/2021 08:24,Source SDK Base 2013 Multiplayer,81455
20/04/2021 08:24,Path of Exile,72921
20/04/2021 08:54,Counter-Strike: Global Offensive,814677
20/04/2021 08:54,Dota 2,441367
20/04/2021 08:54,PLAYERUNKNOWN'S BATTLEGROUNDS,269877
20/04/2021 08:54,Apex Legends,142349
20/04/2021 08:54,Grand Theft Auto V,103638
20/04/2021 08:54,Team Fortress 2,93451
20/04/2021 08:54,Source SDK Base 2013 Multiplayer,88380
20/04/2021 08:54,Path of Exile,75917
20/04/2021 09:24,Counter-Strike: Global Offensive,868807
20/04/2021 09:24,Dota 2,482398
20/04/2021 09:24,PLAYERUNKNOWN'S BATTLEGROUNDS,308661
20/04/2021 09:24,Apex Legends,159837
20/04/2021 09:24,Grand Theft Auto V,109709
20/04/2021 09:24,Source SDK Base 2013 Multiplayer,95360
20/04/2021 09:24,Team Fortress 2,95085
20/04/2021 09:24,Path of Exile,78686
20/04/2021 09:54,Counter-Strike: Global Offensive,925484
20/04/2021 09:54,Dota 2,522262
20/04/2021 09:54,PLAYERUNKNOWN'S BATTLEGROUNDS,341345
20/04/2021 09:54,Apex Legends,177574
20/04/2021 09:54,Grand Theft Auto V,116885
20/04/2021 09:54,Source SDK Base 2013 Multiplayer,103057
20/04/2021 09:54,Team Fortress 2,98335
20/04/2021 09:54,Tom Clancy's Rainbow Six Siege,85148
20/04/2021 10:24,Counter-Strike: Global Offensive,969017
20/04/2021 10:24,Dota 2,537646
20/04/2021 10:24,PLAYERUNKNOWN'S BATTLEGROUNDS,364621
20/04/2021 10:24,Apex Legends,191856
20/04/2021 10:24,Grand Theft Auto V,123645
20/04/2021 10:24,Source SDK Base 2013 Multiplayer,99015
20/04/2021 10:24,Tom Clancy's Rainbow Six Siege,92867
20/04/2021 10:24,Team Fortress 2,92140
20/04/2021 10:54,Counter-Strike: Global Offensive,1007806
20/04/2021 10:54,Dota 2,576860
20/04/2021 10:54,PLAYERUNKNOWN'S BATTLEGROUNDS,372970
20/04/2021 10:54,Apex Legends,200901
20/04/2021 10:54,Grand Theft Auto V,128079
20/04/2021 10:54,Source SDK Base 2013 Multiplayer,110211
20/04/2021 10:54,Tom Clancy's Rainbow Six Siege,97897
20/04/2021 10:54,Team Fortress 2,95778
20/04/2021 11:24,Counter-Strike: Global Offensive,1006671
20/04/2021 11:24,Dota 2,597533
20/04/2021 11:24,PLAYERUNKNOWN'S BATTLEGROUNDS,365009
20/04/2021 11:24,Apex Legends,200916
20/04/2021 11:24,Grand Theft Auto V,128271
20/04/2021 11:24,Source SDK Base 2013 Multiplayer,118514
20/04/2021 11:24,Tom Clancy's Rainbow Six Siege,98436
20/04/2021 11:24,Team Fortress 2,97071
20/04/2021 11:54,Counter-Strike: Global Offensive,988083
20/04/2021 11:54,Dota 2,602955
20/04/2021 11:54,PLAYERUNKNOWN'S BATTLEGROUNDS,342090
20/04/2021 11:54,Apex Legends,194370
20/04/2021 11:54,Grand Theft Auto V,125191
20/04/2021 11:54,Source SDK Base 2013 Multiplayer,124502
20/04/2021 11:54,Path of Exile,99779
20/04/2021 11:54,Team Fortress 2,97897
20/04/2021 12:24,Counter-Strike: Global Offensive,942546
20/04/2021 12:24,Dota 2,597339
20/04/2021 12:24,PLAYERUNKNOWN'S BATTLEGROUNDS,301442
20/04/2021 12:24,Apex Legends,176052
20/04/2021 12:24,Source SDK Base 2013 Multiplayer,130041
20/04/2021 12:24,Grand Theft Auto V,117515
20/04/2021 12:24,Path of Exile,104171
20/04/2021 12:24,Team Fortress 2,96332
20/04/2021 12:54,Counter-Strike: Global Offensive,909916
20/04/2021 12:54,Dota 2,574531
20/04/2021 12:54,PLAYERUNKNOWN'S BATTLEGROUNDS,250887
20/04/2021 12:54,Apex Legends,160143
20/04/2021 12:54,Source SDK Base 2013 Multiplayer,136181
20/04/2021 12:54,Grand Theft Auto V,109450
20/04/2021 12:54,Path of Exile,109118
20/04/2021 12:54,Team Fortress 2,97638
20/04/2021 13:25,Counter-Strike: Global Offensive,890044
20/04/2021 13:25,Dota 2,558135
20/04/2021 13:25,PLAYERUNKNOWN'S BATTLEGROUNDS,214645
20/04/2021 13:25,Apex Legends,149600
20/04/2021 13:25,Source SDK Base 2013 Multiplayer,141931
20/04/2021 13:25,Path of Exile,113457
20/04/2021 13:25,Grand Theft Auto V,103551
20/04/2021 13:25,Team Fortress 2,98339
20/04/2021 13:55,Counter-Strike: Global Offensive,848938
20/04/2021 13:55,Dota 2,506631
20/04/2021 13:55,PLAYERUNKNOWN'S BATTLEGROUNDS,186820
20/04/2021 13:55,Apex Legends,142277
20/04/2021 13:55,Path of Exile,116304
20/04/2021 13:55,Source SDK Base 2013 Multiplayer,101676
20/04/2021 13:55,Grand Theft Auto V,98604
20/04/2021 13:55,Rust,84944
20/04/2021 14:25,Counter-Strike: Global Offensive,892107
20/04/2021 14:25,Dota 2,515162
20/04/2021 14:25,PLAYERUNKNOWN'S BATTLEGROUNDS,158950
20/04/2021 14:25,Apex Legends,139007
20/04/2021 14:25,Source SDK Base 2013 Multiplayer,129460
20/04/2021 14:25,Path of Exile,120061
20/04/2021 14:25,Grand Theft Auto V,94788
20/04/2021 14:25,Team Fortress 2,89467
20/04/2021 14:55,Counter-Strike: Global Offensive,925868
20/04/2021 14:55,Dota 2,513991
20/04/2021 14:55,PLAYERUNKNOWN'S BATTLEGROUNDS,144559
20/04/2021 14:55,Source SDK Base 2013 Multiplayer,143868
20/04/2021 14:55,Apex Legends,131900
20/04/2021 14:55,Path of Exile,122234
20/04/2021 14:55,Grand Theft Auto V,93963
20/04/2021 14:55,Team Fortress 2,91669
20/04/2021 15:25,Counter-Strike: Global Offensive,956454
20/04/2021 15:25,Dota 2,504794
20/04/2021 15:25,Source SDK Base 2013 Multiplayer,156066
20/04/2021 15:25,PLAYERUNKNOWN'S BATTLEGROUNDS,131488
20/04/2021 15:25,Apex Legends,127831
20/04/2021 15:25,Path of Exile,123729
20/04/2021 15:25,Destiny 2,94016
20/04/2021 15:25,Grand Theft Auto V,93033
20/04/2021 15:55,Counter-Strike: Global Offensive,969913
20/04/2021 15:55,Dota 2,495257
20/04/2021 15:55,Source SDK Base 2013 Multiplayer,162918
20/04/2021 15:55,Apex Legends,125517
20/04/2021 15:55,Path of Exile,125023
20/04/2021 15:55,PLAYERUNKNOWN'S BATTLEGROUNDS,124694
20/04/2021 15:55,Destiny 2,95331
20/04/2021 15:55,Team Fortress 2,92960
20/04/2021 16:25,Counter-Strike: Global Offensive,961330
20/04/2021 16:25,Dota 2,468536
20/04/2021 16:25,Source SDK Base 2013 Multiplayer,168434
20/04/2021 16:25,Path of Exile,124851
20/04/2021 16:25,Apex Legends,121831
20/04/2021 16:25,PLAYERUNKNOWN'S BATTLEGROUNDS,115862
20/04/2021 16:25,Destiny 2,95076
20/04/2021 16:25,Team Fortress 2,92952
20/04/2021 16:55,Counter-Strike: Global Offensive,928745
20/04/2021 16:55,Dota 2,456355
20/04/2021 16:55,Source SDK Base 2013 Multiplayer,170175
20/04/2021 16:55,Path of Exile,123630
20/04/2021 16:55,Apex Legends,118572
20/04/2021 16:55,PLAYERUNKNOWN'S BATTLEGROUNDS,108433
20/04/2021 16:55,Destiny 2,93871
20/04/2021 16:55,Team Fortress 2,92388
20/04/2021 17:25,Counter-Strike: Global Offensive,861774
20/04/2021 17:25,Dota 2,434675
20/04/2021 17:25,Source SDK Base 2013 Multiplayer,166772
20/04/2021 17:25,Path of Exile,120206
20/04/2021 17:25,Apex Legends,112012
20/04/2021 17:25,PLAYERUNKNOWN'S BATTLEGROUNDS,98474
20/04/2021 17:25,Destiny 2,91179
20/04/2021 17:25,Team Fortress 2,90902
20/04/2021 17:55,Counter-Strike: Global Offensive,794244
20/04/2021 17:55,Dota 2,407891
20/04/2021 17:55,Source SDK Base 2013 Multiplayer,161023
20/04/2021 17:55,Path of Exile,115943
20/04/2021 17:55,Apex Legends,106480
20/04/2021 17:55,Team Fortress 2,90401
20/04/2021 17:55,PLAYERUNKNOWN'S BATTLEGROUNDS,88795
20/04/2021 17:55,Destiny 2,88188
20/04/2021 18:25,Counter-Strike: Global Offensive,709136
20/04/2021 18:25,Dota 2,377180
20/04/2021 18:25,Source SDK Base 2013 Multiplayer,151070
20/04/2021 18:25,Path of Exile,109903
20/04/2021 18:25,Apex Legends,99790
20/04/2021 18:25,Team Fortress 2,89099
20/04/2021 18:25,Rocket League,85684
20/04/2021 18:25,Destiny 2,84258
20/04/2021 18:55,Counter-Strike: Global Offensive,646448
20/04/2021 18:55,Dota 2,345883
20/04/2021 18:55,Source SDK Base 2013 Multiplayer,141662
20/04/2021 18:55,Path of Exile,104145
20/04/2021 18:55,Apex Legends,94539
20/04/2021 18:55,Team Fortress 2,89910
20/04/2021 18:55,Destiny 2,80801
20/04/2021 18:55,Rust,78553
20/04/2021 19:25,Counter-Strike: Global Offensive,578211
20/04/2021 19:25,Dota 2,321365
20/04/2021 19:25,Source SDK Base 2013 Multiplayer,130573
20/04/2021 19:25,Path of Exile,96690
20/04/2021 19:25,Apex Legends,89477
20/04/2021 19:25,Team Fortress 2,86769
20/04/2021 19:25,Destiny 2,77214
20/04/2021 19:25,Rust,75530
20/04/2021 19:55,Counter-Strike: Global Offensive,526849
20/04/2021 19:55,Dota 2,298289
20/04/2021 19:55,Source SDK Base 2013 Multiplayer,122665
20/04/2021 19:55,Path of Exile,90647
20/04/2021 19:55,Team Fortress 2,87521
20/04/2021 19:55,Apex Legends,86891
20/04/2021 19:55,Destiny 2,74813
20/04/2021 19:55,Rust,73011
20/04/2021 20:25,Counter-Strike: Global Offensive,329471
20/04/2021 20:25,Dota 2,203867
20/04/2021 20:25,Source SDK Base 2007,81476
20/04/2021 20:25,Apex Legends,73303
20/04/2021 20:25,Rust,63218
20/04/2021 20:25,Destiny 2,61386
20/04/2021 20:25,Path of Exile,57541
20/04/2021 20:25,PLAYERUNKNOWN'S BATTLEGROUNDS,46693
20/04/2021 20:55,Counter-Strike: Global Offensive,401720
20/04/2021 20:55,Dota 2,218733
20/04/2021 20:55,Apex Legends,81522
20/04/2021 20:55,Path of Exile,80044
20/04/2021 20:55,Source SDK Base 2007,75768
20/04/2021 20:55,Destiny 2,71658
20/04/2021 20:55,Rust,67527
20/04/2021 20:55,Team Fortress 2,63914
20/04/2021 21:25,Counter-Strike: Global Offensive,409742
20/04/2021 21:25,Dota 2,229874
20/04/2021 21:25,Apex Legends,84470
20/04/2021 21:25,Path of Exile,77085
20/04/2021 21:25,Destiny 2,72557
20/04/2021 21:25,Team Fortress 2,67465
20/04/2021 21:25,Rust,66998
20/04/2021 21:25,Source SDK Base 2013 Multiplayer,56713
20/04/2021 21:55,Counter-Strike: Global Offensive,415195
20/04/2021 21:55,Dota 2,238797
20/04/2021 21:55,Apex Legends,87638
20/04/2021 21:55,Path of Exile,74432
20/04/2021 21:55,Destiny 2,73377
20/04/2021 21:55,Team Fortress 2,71648
20/04/2021 21:55,Source SDK Base 2013 Multiplayer,66186
20/04/2021 21:55,Rust,65793
20/04/2021 22:25,Counter-Strike: Global Offensive,419753
20/04/2021 22:25,Dota 2,252694
20/04/2021 22:25,Apex Legends,90222
20/04/2021 22:25,Destiny 2,74159
20/04/2021 22:25,Team Fortress 2,73660
20/04/2021 22:25,Path of Exile,72458
20/04/2021 22:25,Source SDK Base 2013 Multiplayer,72032
20/04/2021 22:25,Rust,64743
20/04/2021 22:55,Counter-Strike: Global Offensive,429461
20/04/2021 22:55,Dota 2,267487
20/04/2021 22:55,Apex Legends,93707
20/04/2021 22:55,Team Fortress 2,75217
20/04/2021 22:55,Source SDK Base 2013 Multiplayer,74391
20/04/2021 22:55,Destiny 2,74150
20/04/2021 22:55,PLAYERUNKNOWN'S BATTLEGROUNDS,71004
20/04/2021 22:55,Path of Exile,70310
20/04/2021 23:25,Counter-Strike: Global Offensive,440814
20/04/2021 23:25,Dota 2,280834
20/04/2021 23:25,Apex Legends,97014
20/04/2021 23:25,PLAYERUNKNOWN'S BATTLEGROUNDS,81014
20/04/2021 23:25,Source SDK Base 2013 Multiplayer,74529
20/04/2021 23:25,Team Fortress 2,73731
20/04/2021 23:25,Destiny 2,72815
20/04/2021 23:25,Path of Exile,67117
20/04/2021 23:55,Counter-Strike: Global Offensive,450294
20/04/2021 23:55,Dota 2,291876
20/04/2021 23:55,Apex Legends,99408
20/04/2021 23:55,PLAYERUNKNOWN'S BATTLEGROUNDS,90180
20/04/2021 23:55,Source SDK Base 2013 Multiplayer,73792
20/04/2021 23:55,Team Fortress 2,72600
20/04/2021 23:55,Destiny 2,70959
20/04/2021 23:55,Path of Exile,64910
21/04/2021 00:25,Counter-Strike: Global Offensive,446891
21/04/2021 00:25,Dota 2,296695
21/04/2021 00:25,Apex Legends,98278
21/04/2021 00:25,PLAYERUNKNOWN'S BATTLEGROUNDS,98036
21/04/2021 00:25,Team Fortress 2,71602
21/04/2021 00:25,Source SDK Base 2013 Multiplayer,71021
21/04/2021 00:25,Destiny 2,68196
21/04/2021 00:25,Path of Exile,62498
21/04/2021 00:55,Counter-Strike: Global Offensive,442184
21/04/2021 00:55,Dota 2,297656
21/04/2021 00:55,PLAYERUNKNOWN'S BATTLEGROUNDS,104958
21/04/2021 00:55,Apex Legends,97632
21/04/2021 00:55,Team Fortress 2,71301
21/04/2021 00:55,Source SDK Base 2013 Multiplayer,68374
21/04/2021 00:55,Destiny 2,64639
21/04/2021 00:55,Grand Theft Auto V,60410
21/04/2021 01:25,Counter-Strike: Global Offensive,451642
21/04/2021 01:25,Dota 2,297560
21/04/2021 01:25,PLAYERUNKNOWN'S BATTLEGROUNDS,116543
21/04/2021 01:25,Apex Legends,98255
21/04/2021 01:25,Team Fortress 2,71387
21/04/2021 01:25,Source SDK Base 2013 Multiplayer,64377
21/04/2021 01:25,Grand Theft Auto V,63255
21/04/2021 01:25,Destiny 2,61196
21/04/2021 01:55,Counter-Strike: Global Offensive,466431
21/04/2021 01:55,Dota 2,299237
21/04/2021 01:55,PLAYERUNKNOWN'S BATTLEGROUNDS,131740
21/04/2021 01:55,Apex Legends,99733
21/04/2021 01:55,Team Fortress 2,71811
21/04/2021 01:55,Grand Theft Auto V,67168
21/04/2021 01:55,Source SDK Base 2013 Multiplayer,61895
21/04/2021 01:55,Destiny 2,58896
21/04/2021 02:25,Counter-Strike: Global Offensive,465584
21/04/2021 02:25,Dota 2,297181
21/04/2021 02:25,PLAYERUNKNOWN'S BATTLEGROUNDS,145504
21/04/2021 02:25,Apex Legends,98196
21/04/2021 02:25,Team Fortress 2,72422
21/04/2021 02:25,Grand Theft Auto V,67212
21/04/2021 02:25,Source SDK Base 2013 Multiplayer,58661
21/04/2021 02:25,Destiny 2,54853
21/04/2021 02:55,Counter-Strike: Global Offensive,464786
21/04/2021 02:55,Dota 2,297188
21/04/2021 02:55,PLAYERUNKNOWN'S BATTLEGROUNDS,159266
21/04/2021 02:55,Apex Legends,96522
21/04/2021 02:55,Team Fortress 2,73284
21/04/2021 02:55,Grand Theft Auto V,65948
21/04/2021 02:55,Source SDK Base 2013 Multiplayer,57480
21/04/2021 02:55,Path of Exile,51897
21/04/2021 03:25,Counter-Strike: Global Offensive,478711
21/04/2021 03:25,Dota 2,300444
21/04/2021 03:25,PLAYERUNKNOWN'S BATTLEGROUNDS,171327
21/04/2021 03:25,Apex Legends,95010
21/04/2021 03:25,Team Fortress 2,73652
21/04/2021 03:25,Grand Theft Auto V,65295
21/04/2021 03:25,Source SDK Base 2013 Multiplayer,58772
21/04/2021 03:25,Path of Exile,51598
21/04/2021 03:55,Counter-Strike: Global Offensive,510582
21/04/2021 03:55,Dota 2,307592
21/04/2021 03:55,PLAYERUNKNOWN'S BATTLEGROUNDS,183835
21/04/2021 03:55,Apex Legends,96209
21/04/2021 03:55,Team Fortress 2,74278
21/04/2021 03:55,Grand Theft Auto V,67056
21/04/2021 03:55,Source SDK Base 2013 Multiplayer,60109
21/04/2021 03:55,Path of Exile,52308
21/04/2021 04:25,Counter-Strike: Global Offensive,542592
21/04/2021 04:25,Dota 2,318144
21/04/2021 04:25,PLAYERUNKNOWN'S BATTLEGROUNDS,195361
21/04/2021 04:25,Apex Legends,98848
21/04/2021 04:25,Team Fortress 2,74674
21/04/2021 04:25,Grand Theft Auto V,69209
21/04/2021 04:25,Source SDK Base 2013 Multiplayer,61466
21/04/2021 04:25,Path of Exile,53135
21/04/2021 04:55,Counter-Strike: Global Offensive,582817
21/04/2021 04:55,Dota 2,329308
21/04/2021 04:55,PLAYERUNKNOWN'S BATTLEGROUNDS,203676
21/04/2021 04:55,Apex Legends,102135
21/04/2021 04:55,Grand Theft Auto V,72586
21/04/2021 04:55,Team Fortress 2,70305
21/04/2021 04:55,Source SDK Base 2013 Multiplayer,63337
21/04/2021 04:55,Path of Exile,54926
21/04/2021 05:25,Counter-Strike: Global Offensive,624473
21/04/2021 05:25,Dota 2,339711
21/04/2021 05:25,PLAYERUNKNOWN'S BATTLEGROUNDS,208579
21/04/2021 05:25,Apex Legends,106094
21/04/2021 05:25,Grand Theft Auto V,76607
21/04/2021 05:25,Team Fortress 2,71047
21/04/2021 05:25,Source SDK Base 2013 Multiplayer,64265
21/04/2021 05:25,Path of Exile,56779
21/04/2021 05:55,Counter-Strike: Global Offensive,659748
21/04/2021 05:55,Dota 2,349108
21/04/2021 05:55,PLAYERUNKNOWN'S BATTLEGROUNDS,209720
21/04/2021 05:55,Apex Legends,110359
21/04/2021 05:55,Grand Theft Auto V,80681
21/04/2021 05:55,Team Fortress 2,71451
21/04/2021 05:55,Source SDK Base 2013 Multiplayer,66687
21/04/2021 05:55,Path of Exile,58802
21/04/2021 06:25,Counter-Strike: Global Offensive,668422
21/04/2021 06:25,Dota 2,355086
21/04/2021 06:25,PLAYERUNKNOWN'S BATTLEGROUNDS,206181
21/04/2021 06:25,Apex Legends,111531
21/04/2021 06:25,Grand Theft Auto V,83295
21/04/2021 06:25,Team Fortress 2,71636
21/04/2021 06:25,Source SDK Base 2013 Multiplayer,68763
21/04/2021 06:25,Path of Exile,61031
21/04/2021 06:55,Counter-Strike: Global Offensive,689055
21/04/2021 06:55,Dota 2,364884
21/04/2021 06:55,PLAYERUNKNOWN'S BATTLEGROUNDS,202162
21/04/2021 06:55,Apex Legends,111832
21/04/2021 06:55,Grand Theft Auto V,84910
21/04/2021 06:55,Source SDK Base 2013 Multiplayer,71571
21/04/2021 06:55,Team Fortress 2,71438
21/04/2021 06:55,Path of Exile,63264
21/04/2021 07:25,Counter-Strike: Global Offensive,704132
21/04/2021 07:25,Dota 2,377085
21/04/2021 07:25,PLAYERUNKNOWN'S BATTLEGROUNDS,204736
21/04/2021 07:25,Apex Legends,112731
21/04/2021 07:25,Grand Theft Auto V,87323
21/04/2021 07:25,Source SDK Base 2013 Multiplayer,74289
21/04/2021 07:25,Team Fortress 2,72628
21/04/2021 07:25,Path of Exile,64886
21/04/2021 13:26,Counter-Strike: Global Offensive,900677
21/04/2021 13:26,Dota 2,561407
21/04/2021 13:26,PLAYERUNKNOWN'S BATTLEGROUNDS,219705
21/04/2021 13:26,Apex Legends,147780
21/04/2021 13:26,Source SDK Base 2013 Multiplayer,145349
21/04/2021 13:26,Path of Exile,109300
21/04/2021 13:26,Grand Theft Auto V,100955
21/04/2021 13:26,Tom Clancy's Rainbow Six Siege,81825
21/04/2021 13:56,Counter-Strike: Global Offensive,900345
21/04/2021 13:56,Dota 2,542690
21/04/2021 13:56,PLAYERUNKNOWN'S BATTLEGROUNDS,188415
21/04/2021 13:56,Source SDK Base 2013 Multiplayer,150482
21/04/2021 13:56,Apex Legends,138541
21/04/2021 13:56,Path of Exile,113213
21/04/2021 13:56,Grand Theft Auto V,96942
21/04/2021 13:56,Rust,83561
21/04/2021 14:26,Counter-Strike: Global Offensive,923292
21/04/2021 14:26,Dota 2,527422
21/04/2021 14:26,PLAYERUNKNOWN'S BATTLEGROUNDS,166018
21/04/2021 14:26,Source SDK Base 2013 Multiplayer,158439
21/04/2021 14:26,Apex Legends,131956
21/04/2021 14:26,Path of Exile,116029
21/04/2021 14:26,Grand Theft Auto V,94005
21/04/2021 14:26,Rust,85862
21/04/2021 14:56,Counter-Strike: Global Offensive,962429
21/04/2021 14:56,Dota 2,514273
21/04/2021 14:56,Source SDK Base 2013 Multiplayer,165794
21/04/2021 14:56,PLAYERUNKNOWN'S BATTLEGROUNDS,148722
21/04/2021 14:56,Apex Legends,128199
21/04/2021 14:56,Path of Exile,118730
21/04/2021 14:56,Grand Theft Auto V,92929
21/04/2021 14:56,Rust,87766
21/04/2021 15:26,Counter-Strike: Global Offensive,989211
21/04/2021 15:26,Dota 2,502134
21/04/2021 15:26,Source SDK Base 2013 Multiplayer,172181
21/04/2021 15:26,PLAYERUNKNOWN'S BATTLEGROUNDS,136888
21/04/2021 15:26,Apex Legends,125117
21/04/2021 15:26,Path of Exile,120270
21/04/2021 15:26,Grand Theft Auto V,91879
21/04/2021 15:26,Rocket League,89601
21/04/2021 15:56,Counter-Strike: Global Offensive,1001288
21/04/2021 15:56,Dota 2,491753
21/04/2021 15:56,Source SDK Base 2013 Multiplayer,174970
21/04/2021 15:56,PLAYERUNKNOWN'S BATTLEGROUNDS,128470
21/04/2021 15:56,Apex Legends,122958
21/04/2021 15:56,Path of Exile,121192
21/04/2021 15:56,Grand Theft Auto V,90750
21/04/2021 15:56,Rocket League,89660
21/04/2021 16:26,Counter-Strike: Global Offensive,990341
21/04/2021 16:26,Dota 2,478527
21/04/2021 16:26,Source SDK Base 2013 Multiplayer,177953
21/04/2021 16:26,Apex Legends,120129
21/04/2021 16:26,PLAYERUNKNOWN'S BATTLEGROUNDS,119739
21/04/2021 16:26,Path of Exile,118250
21/04/2021 16:26,Rocket League,91934
21/04/2021 16:26,Rust,88808
21/04/2021 16:56,Counter-Strike: Global Offensive,958343
21/04/2021 16:56,Dota 2,467539
21/04/2021 16:56,Source SDK Base 2013 Multiplayer,177442
21/04/2021 16:56,Apex Legends,118364
21/04/2021 16:56,Path of Exile,117429
21/04/2021 16:56,PLAYERUNKNOWN'S BATTLEGROUNDS,112622
21/04/2021 16:56,Rocket League,95521
21/04/2021 16:56,Rust,87867
21/04/2021 17:26,Counter-Strike: Global Offensive,893607
21/04/2021 17:26,Dota 2,445556
21/04/2021 17:26,Source SDK Base 2013 Multiplayer,173580
21/04/2021 17:26,Path of Exile,114958
21/04/2021 17:26,Apex Legends,113515
21/04/2021 17:26,PLAYERUNKNOWN'S BATTLEGROUNDS,103556
21/04/2021 17:26,Rocket League,95623
21/04/2021 17:26,Rust,85329
21/04/2021 17:56,Counter-Strike: Global Offensive,822505
21/04/2021 17:56,Dota 2,417801
21/04/2021 17:56,Source SDK Base 2013 Multiplayer,166880
21/04/2021 17:56,Path of Exile,111346
21/04/2021 17:56,Apex Legends,108189
21/04/2021 17:56,Rocket League,94016
21/04/2021 17:56,PLAYERUNKNOWN'S BATTLEGROUNDS,93496
21/04/2021 17:56,Rust,82233
21/04/2021 18:26,Counter-Strike: Global Offensive,737722
21/04/2021 18:26,Dota 2,382345
21/04/2021 18:26,Source SDK Base 2013 Multiplayer,155073
21/04/2021 18:26,Path of Exile,105456
21/04/2021 18:26,Apex Legends,101127
21/04/2021 18:26,Rocket League,91050
21/04/2021 18:26,PLAYERUNKNOWN'S BATTLEGROUNDS,83372
21/04/2021 18:26,Rust,79033
21/04/2021 18:56,Counter-Strike: Global Offensive,664059
21/04/2021 18:56,Dota 2,354483
21/04/2021 18:56,Source SDK Base 2013 Multiplayer,145555
21/04/2021 18:56,Path of Exile,99734
21/04/2021 18:56,Apex Legends,95900
21/04/2021 18:56,Rocket League,81009
21/04/2021 18:56,Team Fortress 2,77778
21/04/2021 18:56,Rust,75689
22/04/2021 10:20,Counter-Strike: Global Offensive,985818
22/04/2021 10:20,Dota 2,557865
22/04/2021 10:20,PLAYERUNKNOWN'S BATTLEGROUNDS,371086
22/04/2021 10:20,Apex Legends,192154
22/04/2021 10:20,Grand Theft Auto V,120538
22/04/2021 10:20,Source SDK Base 2013 Multiplayer,110883
22/04/2021 10:20,Team Fortress 2,91024
22/04/2021 10:20,Tom Clancy's Rainbow Six Siege,90841
22/04/2021 10:50,Counter-Strike: Global Offensive,1017610
22/04/2021 10:50,Dota 2,585141
22/04/2021 10:50,PLAYERUNKNOWN'S BATTLEGROUNDS,381461
22/04/2021 10:50,Apex Legends,202530
22/04/2021 10:50,Grand Theft Auto V,124976
22/04/2021 10:50,Source SDK Base 2013 Multiplayer,119145
22/04/2021 10:50,Tom Clancy's Rainbow Six Siege,96241
22/04/2021 10:50,Team Fortress 2,92198
22/04/2021 11:20,Counter-Strike: Global Offensive,1018502
22/04/2021 11:20,Dota 2,602100
22/04/2021 11:20,PLAYERUNKNOWN'S BATTLEGROUNDS,376309
22/04/2021 11:20,Apex Legends,203262
22/04/2021 11:20,Grand Theft Auto V,124938
22/04/2021 11:20,Source SDK Base 2013 Multiplayer,124720
22/04/2021 11:20,Tom Clancy's Rainbow Six Siege,97772
22/04/2021 11:20,Team Fortress 2,92338
22/04/2021 11:50,Counter-Strike: Global Offensive,1001476
22/04/2021 11:50,Dota 2,608592
22/04/2021 11:50,PLAYERUNKNOWN'S BATTLEGROUNDS,353572
22/04/2021 11:50,Apex Legends,197505
22/04/2021 11:50,Source SDK Base 2013 Multiplayer,129886
22/04/2021 11:50,Grand Theft Auto V,122665
22/04/2021 11:50,Tom Clancy's Rainbow Six Siege,97027
22/04/2021 11:50,Team Fortress 2,92880
22/04/2021 12:20,Counter-Strike: Global Offensive,961187
22/04/2021 12:20,Dota 2,603418
22/04/2021 12:20,PLAYERUNKNOWN'S BATTLEGROUNDS,315734
22/04/2021 12:20,Apex Legends,178962
22/04/2021 12:20,Source SDK Base 2013 Multiplayer,132655
22/04/2021 12:20,Grand Theft Auto V,116021
22/04/2021 12:20,Path of Exile,94235
22/04/2021 12:20,Team Fortress 2,92813
22/04/2021 12:50,Counter-Strike: Global Offensive,924083
22/04/2021 12:50,Dota 2,585356
22/04/2021 12:50,PLAYERUNKNOWN'S BATTLEGROUNDS,264720
22/04/2021 12:50,Apex Legends,166800
22/04/2021 12:50,Source SDK Base 2013 Multiplayer,137566
22/04/2021 12:50,Grand Theft Auto V,108414
22/04/2021 12:50,Path of Exile,98948
22/04/2021 12:50,Team Fortress 2,92572
22/04/2021 13:20,Counter-Strike: Global Offensive,900740
22/04/2021 13:20,Dota 2,536025
22/04/2021 13:20,PLAYERUNKNOWN'S BATTLEGROUNDS,227302
22/04/2021 13:20,Apex Legends,155289
22/04/2021 13:20,Source SDK Base 2013 Multiplayer,142656
22/04/2021 13:20,Path of Exile,102500
22/04/2021 13:20,Grand Theft Auto V,102420
22/04/2021 13:20,Team Fortress 2,91078
22/04/2021 13:50,Counter-Strike: Global Offensive,896656
22/04/2021 13:50,Dota 2,530081
22/04/2021 13:50,PLAYERUNKNOWN'S BATTLEGROUNDS,192789
22/04/2021 13:50,Source SDK Base 2013 Multiplayer,149251
22/04/2021 13:50,Apex Legends,145531
22/04/2021 13:50,Path of Exile,106139
22/04/2021 13:50,Grand Theft Auto V,97558
22/04/2021 13:50,Team Fortress 2,91639
22/04/2021 14:20,Counter-Strike: Global Offensive,906665
22/04/2021 14:20,Dota 2,527785
22/04/2021 14:20,PLAYERUNKNOWN'S BATTLEGROUNDS,169181
22/04/2021 14:20,Source SDK Base 2013 Multiplayer,153909
22/04/2021 14:20,Apex Legends,137347
22/04/2021 14:20,Path of Exile,108442
22/04/2021 14:20,Grand Theft Auto V,94315
22/04/2021 14:20,Team Fortress 2,92445
22/04/2021 14:50,Counter-Strike: Global Offensive,942431
22/04/2021 14:50,Dota 2,508538
22/04/2021 14:50,Source SDK Base 2013 Multiplayer,161594
22/04/2021 14:50,PLAYERUNKNOWN'S BATTLEGROUNDS,150314
22/04/2021 14:50,Apex Legends,133101
22/04/2021 14:50,Path of Exile,111396
22/04/2021 14:50,Rust,94055
22/04/2021 14:50,Team Fortress 2,92808
22/04/2021 15:20,Counter-Strike: Global Offensive,969649
22/04/2021 15:20,Dota 2,499522
22/04/2021 15:20,Source SDK Base 2013 Multiplayer,166777
22/04/2021 15:20,PLAYERUNKNOWN'S BATTLEGROUNDS,138633
22/04/2021 15:20,Apex Legends,129515
22/04/2021 15:20,Path of Exile,112836
22/04/2021 15:20,Rust,95980
22/04/2021 15:20,Team Fortress 2,94119
22/04/2021 15:50,Counter-Strike: Global Offensive,987217
22/04/2021 15:50,Dota 2,490607
22/04/2021 15:50,Source SDK Base 2013 Multiplayer,170701
22/04/2021 15:50,PLAYERUNKNOWN'S BATTLEGROUNDS,129615
22/04/2021 15:50,Apex Legends,125946
22/04/2021 15:50,Path of Exile,113819
22/04/2021 15:50,Rust,97916
22/04/2021 15:50,Team Fortress 2,95812
22/04/2021 16:20,Counter-Strike: Global Offensive,978412
22/04/2021 16:20,Dota 2,480658
22/04/2021 16:20,Source SDK Base 2013 Multiplayer,173808
22/04/2021 16:20,Apex Legends,123155
22/04/2021 16:20,PLAYERUNKNOWN'S BATTLEGROUNDS,120813
22/04/2021 16:20,Path of Exile,113372
22/04/2021 16:20,Rust,100996
22/04/2021 16:20,Team Fortress 2,95824
22/04/2021 16:50,Counter-Strike: Global Offensive,962160
22/04/2021 16:50,Dota 2,472675
22/04/2021 16:50,Source SDK Base 2013 Multiplayer,175039
22/04/2021 16:50,Apex Legends,120658
22/04/2021 16:50,PLAYERUNKNOWN'S BATTLEGROUNDS,113947
22/04/2021 16:50,Path of Exile,112773
22/04/2021 16:50,Rust,100919
22/04/2021 16:50,Team Fortress 2,96873
22/04/2021 17:20,Counter-Strike: Global Offensive,901765
22/04/2021 17:20,Dota 2,455609
22/04/2021 17:20,Source SDK Base 2013 Multiplayer,169792
22/04/2021 17:20,Apex Legends,116025
22/04/2021 17:20,Path of Exile,109659
22/04/2021 17:20,PLAYERUNKNOWN'S BATTLEGROUNDS,104001
22/04/2021 17:20,Rust,99739
22/04/2021 17:20,Team Fortress 2,97565
22/04/2021 17:50,Counter-Strike: Global Offensive,824366
22/04/2021 17:50,Dota 2,425066
22/04/2021 17:50,Source SDK Base 2013 Multiplayer,163023
22/04/2021 17:50,Apex Legends,110859
22/04/2021 17:50,Path of Exile,104737
22/04/2021 17:50,Rust,97168
22/04/2021 17:50,Team Fortress 2,95569
22/04/2021 17:50,PLAYERUNKNOWN'S BATTLEGROUNDS,93473
22/04/2021 18:20,Counter-Strike: Global Offensive,761682
22/04/2021 18:20,Dota 2,399099
22/04/2021 18:20,Source SDK Base 2013 Multiplayer,155534
22/04/2021 18:20,Apex Legends,104817
22/04/2021 18:20,Path of Exile,101317
22/04/2021 18:20,Rust,94736
22/04/2021 18:20,Team Fortress 2,93798
22/04/2021 18:20,Rocket League,89767
22/04/2021 18:50,Counter-Strike: Global Offensive,692212
22/04/2021 18:50,Dota 2,370568
22/04/2021 18:50,Source SDK Base 2013 Multiplayer,147003
22/04/2021 18:50,Apex Legends,99275
22/04/2021 18:50,Path of Exile,96692
22/04/2021 18:50,Team Fortress 2,93964
22/04/2021 18:50,Rust,91222
22/04/2021 18:50,Rocket League,81781
22/04/2021 19:20,Counter-Strike: Global Offensive,623131
22/04/2021 19:20,Dota 2,343885
22/04/2021 19:20,Source SDK Base 2013 Multiplayer,136016
22/04/2021 19:20,Team Fortress 2,96339
22/04/2021 19:20,Apex Legends,93945
22/04/2021 19:20,Path of Exile,91015
22/04/2021 19:20,Rust,87775
22/04/2021 19:20,Rocket League,74334
22/04/2021 19:50,Counter-Strike: Global Offensive,571472
22/04/2021 19:50,Dota 2,319692
22/04/2021 19:50,Source SDK Base 2013 Multiplayer,128647
22/04/2021 19:50,Team Fortress 2,97373
22/04/2021 19:50,Apex Legends,89465
22/04/2021 19:50,Path of Exile,85129
22/04/2021 19:50,Rust,84634
22/04/2021 19:50,Rocket League,65632
22/04/2021 20:20,Counter-Strike: Global Offensive,525357
22/04/2021 20:20,Dota 2,298962
22/04/2021 20:20,Source SDK Base 2013 Multiplayer,119875
22/04/2021 20:20,Team Fortress 2,96660
22/04/2021 20:20,Apex Legends,86131
22/04/2021 20:20,Rust,81681
22/04/2021 20:20,Path of Exile,80206
22/04/2021 20:20,Rocket League,59218
22/04/2021 20:50,Counter-Strike: Global Offensive,492660
22/04/2021 20:50,Dota 2,283437
22/04/2021 20:50,Source SDK Base 2013 Multiplayer,114794
22/04/2021 20:50,Team Fortress 2,97376
22/04/2021 20:50,Apex Legends,85448
22/04/2021 20:50,Rust,79548
22/04/2021 20:50,Path of Exile,76240
22/04/2021 20:50,Rocket League,55378
22/04/2021 21:20,Counter-Strike: Global Offensive,456846
22/04/2021 21:20,Dota 2,271532
22/04/2021 21:20,Source SDK Base 2013 Multiplayer,107600
22/04/2021 21:20,Team Fortress 2,95086
22/04/2021 21:20,Apex Legends,85580
22/04/2021 21:20,Rust,77513
22/04/2021 21:20,Path of Exile,72081
22/04/2021 21:20,Tom Clancy's Rainbow Six Siege,54709
22/04/2021 21:50,Counter-Strike: Global Offensive,450077
22/04/2021 21:50,Dota 2,269427
22/04/2021 21:50,Source SDK Base 2013 Multiplayer,103453
22/04/2021 21:50,Team Fortress 2,95971
22/04/2021 21:50,Apex Legends,87821
22/04/2021 21:50,Rust,76017
22/04/2021 21:50,Path of Exile,69997
22/04/2021 21:50,Tom Clancy's Rainbow Six Siege,55219
